,id,created_at,retweet_count,favorite_count,full_text,subjectivity,polarity,analysis
270,669111829205938177,2015-11-24,5816,5687,"The rarest of beasts - a used rocket. Controlled landing not easy, but done right, can look easy. Check out video: ",0.7341269841269842,0.16746031746031745,Positive
269,671461815210139648,2015-11-30,231,599,"Breakthrough Energy Coalition. When in a box, only way out is to invent your way out. Thx to  for pulling this together.",1.0,0.0,Neutral
268,672453111395422208,2015-12-03,490,903,What 400 very happy rocket scientists look like. ,1.0,1.0,Positive
267,674008204838199297,2015-12-07,7527,9710,Finally trashed by . Will still reserve him a seat on the Blue Origin rocket. sendDonaldtospace ,0.55,0.0,Neutral
266,679116636310360067,2015-12-22,1327,2597,Congrats  on landing Falcon's suborbital booster stage.  Welcome to the club!,0.9,1.0,Positive
265,686991579546923008,2016-01-12,157,355,"Grail: Risky, but if works, big breakthrough in broad spectrum EARLY cancer detection. Brilliant scientists. ",0.428125,0.265625,Positive
264,688417513340678144,2016-01-16,47,215,Is Yegi on the plane? JasonIsFree,0.0,0.0,Neutral
263,688732263995973632,2016-01-17,286,659,"Wheels up and out of Iranian airspace! Jason, Yegi, and Mary aboard. Doug Jehl and Ali Rezaian worked tirelessly on this. JasonIsFree",0.0,0.0,Neutral
262,688732394442997760,2016-01-17,291,709,"Believe me, if you‚Äôre ever tossed in a foreign prison, you want Fred Ryan and Marty Baron on the team working to get you out. JasonIsFree",0.125,-0.125,Negative
261,688815223558410240,2016-01-17,535,1820,Impressive launch and  will soon make Falcon 9 landings routine ‚Äì so good for space! Kudos SpaceX!,0.8,1.0,Positive
260,690731500812169217,2016-01-23,730,1044,Can a used rocket fly? Video + a few technical details at   ,0.3666666666666667,0.20000000000000004,Positive
259,694984360173277184,2016-02-03,89,326,"Nice. Blue Origin team just nominated for time-honored aviation award, the Collier Trophy! All the nominees here: ",0.55,0.3,Positive
258,697525483768934400,2016-02-10,701,783,"Mr. Prime Minister , we are so proud of Diego. Great for Italy. Kudos to all! ",0.875,0.9,Positive
257,697850927701594112,2016-02-11,341,686,"Hope, somewhere in space-time, Einstein is seeing this.  LIGO",0.0,0.0,Neutral
256,702598104755777536,2016-02-24,54,212,"Marty's piece today is so inspiring. Thank you, ! BadAssReporting ",1.0,0.625,Positive
255,709569062167183362,2016-03-15,235,492,James Hamilton‚Äôs retrospective on 10 years of AWS is excellent:  Kudos and congrats to the whole team!,0.7,0.625,Positive
254,714933790628446208,2016-03-29,153,417,"OK, this is the most hilarious Echo video yet: ",0.6666666666666666,0.5,Positive
248,716029528619913216,2016-04-01,93,236,Two university microgravity experiments on tomorrow‚Äôs  flight. Short vids:   ,0.3,0.0,Neutral
249,715986058257833988,2016-04-01,92,285,We‚Äôll have drone cameras in the air and hopefully will get good aerial footage to share. LaunchLandRepeat ,0.6000000000000001,0.7,Positive
252,715984864323842049,2016-04-01,314,680,Working to fly again tomorrow. Same vehicle. Third time. LaunchLandRepeat  ,0.3416666666666666,0.26666666666666666,Positive
253,715695474762600448,2016-04-01,317,784,Got a little help from Amazon Robotics on stage today at our All-Hands in Seattle   ,0.5,-0.1875,Negative
251,715985250644582400,2016-04-01,71,242,"Pushing the envelope. Restarting BE-3 fast @ high thrust, just 3600 ft from ground. Impact in 6 sec if engine doesn‚Äôt restart &amp; ramp fast.",0.585,0.115,Positive
250,715985637946564608,2016-04-01,52,200,"Also, a new more efficient RCS algorithm on the Crew Capsule. Big performance win if it works. LaunchLandRepeat ",0.36363636363636365,0.3590909090909091,Positive
247,716271176905940992,2016-04-02,125,378,"Readying¬†Crew Capsule for flt. Clear skies in TX.
Tracking for morning launch. LaunchLandRepeat  ",0.3833333333333333,0.10000000000000002,Positive
246,716273109720911876,2016-04-02,135,385,Crew Capsule is locked &amp; ready for flt. Tortoises mark successful CC missions. LaunchLandRepeat  ,0.725,0.475,Positive
245,716283711998676992,2016-04-02,103,283,Liftoff and New Shepard is climbing to apogee. ,0.45454545454545453,0.13636363636363635,Positive
244,716285758382809088,2016-04-02,285,571,"Flawless BE-3 restart and perfect booster landing. CC chutes
deployed. ",1.0,1.0,Positive
243,716286175233777664,2016-04-02,212,509,CC touchdown confirmed. LaunchLandRepeat ,1.0,0.4,Positive
242,716288257722482689,2016-04-02,62,374,My Gradatim Ferociter boots. Gift from a friend &amp; they brought luck today. LaunchLandRepeat  ,0.0,0.0,Neutral
241,716290993159405568,2016-04-02,115,379,We‚Äôll share mission video including aerial as soon as we‚Äôre able to get it processed.GradatimFerociter ,0.625,0.5,Positive
240,716746420275978240,2016-04-03,671,961,Video from yesterday's flight now live:  Great view of dramatic booster deceleration.,0.6166666666666667,0.16767676767676773,Positive
239,717033781589204992,2016-04-04,1075,1557,"Heads up readers ‚Äì all-new, top of the line Kindle almost ready. 8th generation. Details next week.",0.3333333333333333,0.2333333333333333,Positive
238,718214798345777152,2016-04-07,187,510,Thank you and congrats to my friends and colleagues Jeff and Andy ‚Äì very well deserved! ,0.3,0.25,Positive
237,722194216420397056,2016-04-18,119,438,You counseled so many. Your wisdom and warmth will be remembered. Rest in peace Bill Campbell.,0.5,0.5,Positive
236,722248253996019712,2016-04-19,97,420,Champagne cracked in the newsroom today. Congratulations to all  on Pulitzers!,0.0,0.0,Neutral
235,726171327103561728,2016-04-29,63,330,Ridiculously cute. Alexa ,1.0,0.5,Positive
234,728313490641985536,2016-05-05,115,371,Thank you  for all you do with . We're excited to add 25K more  Warriors to our ranks. ,0.625,0.4375,Positive
233,729792802108919808,2016-05-09,259,569,Landing sequence caught by our GH2 vent cam. Watch for gear deployment in the shadow. GradatimFerociter ,0.0,0.0,Neutral
232,737849729438998528,2016-06-01,60,0,: Interested in the CareerChoice program  mentioned at  CodeCon? DM me or find out more here: ,0.5,0.375,Positive
231,742348210266509312,2016-06-13,366,782,Trying for 4th flight of same hardware this Friday. Live webcast at  GradatimFerociter ,0.3125,0.06818181818181818,Positive
230,742349816701673473,2016-06-13,141,480,Flight to test one-chute-out failure scenario &amp; push envelope on booster maneuvers GradatimFerociter ,0.3,-0.3166666666666667,Negative
229,743440703657648128,2016-06-16,125,340,Replacing leaking O-ring in capsule‚Äôs nitrogen gas pressurization system. Rescheduling flight to Sunday. GradatimFerociter,0.0,0.0,Neutral
228,743802731924594688,2016-06-17,308,436,New Shepard launch set for Sunday at 10:15 am ET. Live webcast starts at 9:45 am ET at  GradatimFerociter,0.4772727272727273,0.13636363636363635,Positive
227,743803559150391298,2016-06-17,83,301,Watching a rocket launch (and rocket landing!) might add a little extra fun w/ kids on Father's Day. GradatimFerociter,0.26666666666666666,0.0375,Positive
226,743804334396170240,2016-06-17,75,234,Look for one-chute-out test starting about 7 minutes into flight + continue pushing envelope on booster. GradatimFerociter,0.1,0.0,Neutral
225,743805050254819328,2016-06-17,45,210,And of course ‚Äì development test flight ‚Äì anything can happen. GradatimFerociter,0.0,0.0,Neutral
224,744324811191525377,2016-06-19,145,542,Thanks ! So agree space needs all of us. GradatimFerociter ,0.2,0.25,Positive
223,744521272873279488,2016-06-19,113,352,Loading propellants. Looking good for this morning‚Äôs launch. GradatimFerociter,0.6000000000000001,0.7,Positive
222,744554127728869376,2016-06-19,202,873,Careful engineering plus of course ‚Ä¶ the lucky boots. Successful mission. RocketsReused GradatimFerociter ,0.9277777777777777,0.3277777777777778,Positive
221,755794420214050816,2016-07-20,50,249,. Amazing experience. Thank you! ,0.9,0.7500000000000001,Positive
220,755798093216387072,2016-07-20,381,1128,"Bucket list. Cast, crew and Justin Lin  were amazing. StarTrekBeyond ",0.9,0.6000000000000001,Positive
219,756144617049853952,2016-07-21,187,450,Cool new project from  &amp;  lets you virtually explore Apollo 11 Command Module. ,0.5522727272727272,0.24318181818181817,Positive
217,756492625549537282,2016-07-22,714,1223,. excited to announce Amazon artificial intelligence &amp; machine learning center in Turin ,0.6166666666666667,-0.10833333333333332,Negative
218,756490285698260992,2016-07-22,230,608,Grazie  for wonderful conversation at Palazzo Vecchio. ,1.0,1.0,Positive
216,775324124935778304,2016-09-12,1335,2394,Blue Origin‚Äôs next step‚Ä¶meet New Glenn NewGlenn GradatimFerociter ,0.18484848484848485,0.04545454545454545,Positive
215,776560302062120963,2016-09-15,51,337,.Thanks  &amp;  ‚Äì what a fun night! ,0.2,0.375,Positive
214,780348452064595968,2016-09-26,354,998,Exciting results from 3 weeks of wind tunnel testing of NewGlenn at transonic &amp; supersonic speeds. Validated our CFD. ,0.8,0.3,Positive
213,780348813450051585,2016-09-26,312,813,And here‚Äôs the NewGlenn descent configuration. GradatimFerociter ,0.0,0.0,Neutral
212,781491928021991424,2016-09-29,203,0,": Dramatic New Shepard InFlightEscape test Tuesday, Oct 4. Live webcast starts at 10:50 am ET at  Gr‚Ä¶",0.5181818181818182,-0.053535353535353526,Negative
211,781492263817998337,2016-09-29,114,338,And here are the details of the escape test  GradatimFerociter,0.0,0.0,Neutral
210,783024195055685633,2016-10-03,164,0,: Weather no-go for tomorrow‚Äôs New Shepard InFlightEscape test. Webcast now Wednesday 10:45 am ET. GradatimFerociter,0.45454545454545453,0.13636363636363635,Positive
209,783651796627562496,2016-10-05,164,0,: Everything looking good this morning for InFlightEscape. Live webcast at 10:45 am ET GradatimFerociter,0.55,0.41818181818181815,Positive
208,783733480324816896,2016-10-05,2419,4450,That is one hell of a booster. InFlightEscape GradatimFerociter ,0.0,0.0,Neutral
207,783756911866843136,2016-10-05,303,0,: Moment of separation. InFlightEscape GradatimFerociter ,0.0,0.0,Neutral
206,783867231620870144,2016-10-06,222,1352,"Reflecting on an incredible day. Toasting all 800 of the passionate, brilliant folks at Blue Origin. InFlightEscape GradatimFerociter ",0.7125,0.4375,Positive
205,784078159733854208,2016-10-06,189,472,Here‚Äôs escape vid in slow mo. InFlightEscape ,0.39999999999999997,-0.30000000000000004,Negative
204,784078556984844288,2016-10-06,92,493,"Steering through violent MaxQ escape forces is a residual capability, not explicitly engineered. Just a very robust booster. InFlightEscape",0.65,-0.30000000000000004,Negative
203,785572979140808704,2016-10-10,195,877,Stenciling the 7th and final tortoise onto this hardy and stalwart New Shepard capsule. GradatimFerociter ,0.7272727272727273,0.06818181818181818,Positive
202,789613513102663680,2016-10-21,77,437,Visiting Raisbeck Aviation High School today was so inspiring for me. Awesome students. ,0.8466666666666667,0.5533333333333333,Positive
201,792751030647689216,2016-10-30,146,661,,0.0,0.0,Neutral
200,796729498075099136,2016-11-10,1628,4556,Congratulations to . I for one give him my most open mind and wish him great success in his service to the country.,0.4375,0.4,Positive
198,799333890045317121,2016-11-17,1692,2959,Love this TV commercial for Amazon Prime. Very proud of our ad team. ,0.5333333333333333,0.5,Positive
199,799295335755436032,2016-11-17,2862,7478,"Long wait is over‚Ä¶ Clarkson, Hammond, May are back‚Ä¶ TheGrandTour premieres tonight in UK, US, DE, JP. And globally in Dec. ",0.2,-0.025,Negative
197,804428649302634496,2016-12-01,161,703,So proud of my brother  and here‚Äôs his TED talk ,1.0,0.8,Positive
196,806740517711003648,2016-12-08,178,662,Late Late Show‚Äôs  on Amazon Go ‚Äì very funny! ,0.7333333333333334,-0.06458333333333333,Negative
195,806976159166570496,2016-12-08,379,1590,"Thank you, John Glenn. Godspeed.",0.0,0.0,Neutral
194,807367277104377856,2016-12-09,393,1352,The Spheres‚Äô first snow‚Ä¶ thanks  for the great pic ,0.42777777777777776,0.4166666666666667,Positive
193,809034847121350657,2016-12-14,5897,7182,First-ever AmazonPrimeAir customer delivery is in the books. 13 min‚Äîclick to delivery. Check out the video:  ,0.0,0.0,Neutral
192,817088724840239105,2017-01-05,394,1029,I agree we need a superhighway in space. ,0.0,0.0,Neutral
191,826235003260383232,2017-01-31,129,0,": Asghar Farhadi,  understands and supports your decision not to attend the Oscars.",0.0,0.0,Neutral
190,827213980384964608,2017-02-02,392,1880,Buzz Aldrin dropped by Blue Origin HQ to say hi to the team yesterday. Thanks ! ,0.15000000000000002,0.125,Positive
189,829054770308485120,2017-02-07,425,1042,"., whoever your anonymous sources are on this story  ‚Äì they‚Äôve mixed up their meds!",0.25,0.0,Neutral
188,829098772416192512,2017-02-07,423,1798,"And on the NYPost article, if anybody knows how to get 20% margins in groceries, call me! :)",1.0,0.5,Positive
187,831586053915963393,2017-02-14,102,719,"Love this story  of not 1, but 4 couples, who met @ Amazon FC in KY. Love is in the air‚Ä¶ Happy Valentine's day! ",0.7333333333333334,0.6666666666666666,Positive
186,833113864669519872,2017-02-19,192,845,Excited to share our urban campus with this terrific organization  ,0.5833333333333334,0.125,Positive
183,836077114667446272,2017-02-27,238,1103,Congrats to Casey Affleck on his Best Actor win. So earned. ManchesterByTheSea Oscars  ,0.35,0.9,Positive
185,836049259430555648,2017-02-27,578,2016,TheSalesman takes home the Oscar for Best Foreign Language Film. Well done Asghar Farhadi and team  Oscars,0.2125,0.4375,Positive
184,836072024577560584,2017-02-27,135,686,Bravo to Kenny Lonergan on his well-deserved Oscars win for Best Original Screenplay  ,0.48333333333333334,0.725,Positive
182,836970483992117249,2017-03-01,159,0,: Very cool. 7-year-old boy starts own food pantry to help hungry kids ,0.9225000000000001,0.5275,Positive
181,838155386100183040,2017-03-04,47,0,": Kudos Palm Coast STEM--new record for tallest self-supporting toy tower. 5k pieces, 14‚Äô1‚Äù tall using exclusive toy from Ama‚Ä¶",0.0,0.0,Neutral
180,838748139964272640,2017-03-06,553,1631,1st BE-4 engine fully assembled. 2nd and 3rd following close behind. GradatimFerociter ,0.19999999999999998,-0.1,Negative
179,838748973598900225,2017-03-06,588,1939,Here‚Äôs one more shot of BE-4 in its transport cradle. ,0.5,0.5,Positive
178,839112645957541890,2017-03-07,296,1111,Excited to announce we have signed our 1st NewGlenn customer. Welcome to the launch manifest _SA ,0.825,0.5875,Positive
177,839468386530824193,2017-03-08,242,924,Adding to the NewGlenn launch manifest. Agreement with OneWeb for five launches initially. Happy to work with you _Wyler ,1.0,0.8,Positive
176,840223951842295809,2017-03-10,227,1234,OK. Definitely want to buy a bottle of this‚Ä¶ ,0.5,0.25,Positive
175,841342440405577733,2017-03-13,130,507,"Thanks LA Times for choosing WaPo's Arc Publishing for your digital platform, and kudos to tech team at The Post! ",0.1,0.1,Positive
174,843692770405617664,2017-03-20,2174,5489,I just got to pilot an awesome (and huge) robot thanks to Hankook Mirae Technology. Nice! MARS2017 ,0.775,0.5875,Positive
173,847217297257185281,2017-03-29,319,1346,Impossible to express how personally meaningful this is. A dream. Huge kudos to  team that worked so hard  ,0.7354166666666666,-0.01458333333333331,Negative
172,847523788921032704,2017-03-30,354,2180,My parents rock. ,0.0,0.0,Neutral
171,848316838446456833,2017-04-01,111,837,Thanks ! That cute little guy is the future! ,0.45625,0.140625,Positive
170,860284449195343873,2017-05-05,557,2124,"First plant in the ground at TheSpheres, 39,999 to go. Public tours start 2018. ",0.19999999999999998,0.125,Positive
169,863867801181855744,2017-05-14,419,4923,"I won the lottery with my mom. Thanks for literally everything, Mom. ",0.2,0.2,Positive
168,866004720984272896,2017-05-20,158,1015,Super fun morning talking rockets with a very cool group of students. Great questions. Thx to all the students and to ! ,0.6154166666666667,0.5220833333333333,Positive
167,874337020117569536,2017-06-12,204,933,"Congrats to Jeff on his long-term leadership. John, you have size 20 shoes to fill! GE remains an American gem. ",0.0,0.0,Neutral
166,875012301836832768,2017-06-14,710,2932,Rooftop solar panels at our 1 million-square-foot fulfillment center in Baltimore now live. 50+ solar FCs will come online by 2020. ,0.3,0.018181818181818174,Positive
165,875418348598603776,2017-06-15,9202,21199,Request for ideas‚Ä¶ ,0.0,0.0,Neutral
164,876567491941498880,2017-06-18,195,2705,"Flipping pancakes, Lego Saturn V, Wonder Woman matinee. Love being a dad. FathersDay ",0.6,0.5,Positive
163,876568434397429760,2017-06-18,156,2979,"And here‚Äôs me and my dad. I‚Äôm a very lucky son. I love you, Dad. FathersDay ",0.8,0.4666666666666667,Positive
162,876806972619673600,2017-06-19,163,1144,Amazing to share this moment with the  team and my family. ,0.9,0.6000000000000001,Positive
161,879046517285310464,2017-06-25,3347,7987,"Terrific meeting with . Always impressed, energized by optimism and invention in India. Excited to keep investing and growing. ",0.9166666666666666,0.4583333333333333,Positive
160,882786853404893184,2017-07-06,231,1067,This is a gigantic compliment to our teams. Best of luck Haggler in your continuing adventures. CustomerObsession ,0.3,1.0,Positive
159,884475655148011520,2017-07-10,509,2070,Going to Oshkosh? Come sit inside ‚Äôs crew capsule and enjoy a simulated ride to space  OSH17  ,0.5,0.4,Positive
158,886779328096116736,2017-07-17,263,1779,"Huge thanks from the whole  team, Buzz ",0.5,0.26666666666666666,Positive
157,886779647660179457,2017-07-17,151,1289,Mike Collins cracking us all up last night. ,0.06666666666666667,0.0,Neutral
156,892774250272112641,2017-08-02,757,3490,Incredible turnout to see the first booster ever to fly into space and land vertically upon the Earth. BlueOrigin Oshkosh ,0.7111111111111111,0.65,Positive
155,893628626725294080,2017-08-05,79,640,Awesome! Good luck this weekend ! ,0.8,0.9375,Positive
154,895324443500609536,2017-08-09,224,2186,Couldn‚Äôt happen to a nicer guy. Congratulations ! ,0.0,0.0,Neutral
153,895714205822730241,2017-08-10,1131,5209,A pleasure to host SecDef James Mattis at Amazon HQ in Seattle today ,0.0,0.0,Neutral
152,901865101761884161,2017-08-27,246,2023,,0.0,0.0,Neutral
151,902898556456943616,2017-08-30,1821,4104,Alexa has made a new friend ,0.45454545454545453,0.13636363636363635,Positive
150,908124621391618050,2017-09-14,444,2414,". supporting ‚Äú30 Days, 30 Smiles‚Äù with . Today, a surprise visit to . BeatPediatricCancer ",0.25,0.25,Positive
149,911304409803522048,2017-09-22,558,3087,"Future engineer, 9-year-old Ryan, signs Amazon gold robot he helped build at another ""30 Days, 30 Smiles"" event BeatPediatricCancer GoGold ",0.125,0.0,Neutral
148,914951991431880704,2017-10-02,396,2831,Thoughts with all those affected in Las Vegas. So much gratitude to all the police &amp; good Samaritans who put their lives on the line to help,0.4,0.44999999999999996,Positive
147,915046109298520064,2017-10-03,3487,16181,Amazon plane packed with donation of critical supplies landed earlier today in San Juan. Thank you to all the Amazonians who made it happen. ,0.65,0.0,Neutral
146,915975473573720065,2017-10-05,632,3257,"Long my favorite novel. Teaches pain of regret so well you will think you lived it. Congrats, Mr. Ishiguro, so earned! NobelPrize ",0.7,0.2875,Positive
145,920999561564274688,2017-10-19,4497,16918,Fun day christening Amazon‚Äôs latest wind farm. RenewableEnergy ,0.55,0.4,Positive
144,921114359119560704,2017-10-19,721,2955,First hotfire of our BE-4 engine is a success. Huge kudos to the whole  team for this important step! GradatimFerociter ,0.5266666666666666,0.33,Positive
143,921439650287423489,2017-10-20,508,2898,And the winner for best news website is ‚Ä¶ . And more. Big congrats to the whole team! DMNA17 ,0.325,0.4375,Positive
142,926509741932720128,2017-11-03,392,1802,Congrats to the  team on their new Alexa skill. Customers can now find and shop Best Buy deals on Alexa. Nice! ,0.5848484848484848,0.6287878787878788,Positive
141,928623239110082560,2017-11-09,964,5486,"Thank you to the 17,500 veterans and military spouses now working at Amazon. We set a goal last year to hire 25,000 of these leaders by 2021, and are on track to hire even more. VeteransDay ",0.22222222222222224,0.13333333333333333,Positive
140,929139251152699392,2017-11-11,113,1035,"Thank you and your boys for your service, Casey! ",0.0,0.0,Neutral
139,930134795304148992,2017-11-13,3296,8427,Amazon Prime heads to Middle Earth.  ,0.0,0.0,Neutral
138,932270037657726976,2017-11-19,1953,9368,"Ten years ago today, we launched the first-ever Kindle. Happy 10th birthday  and thank you to all the Kindle readers and authors! ",0.5,0.5,Positive
137,936360685788733440,2017-11-30,595,2454,"Of all the news coming out of AWS reInvent this week, I hope you didn‚Äôt miss this one. Set a Guinness World Record for largest chicken wing eating competition! Nice! ",0.975,0.0,Neutral
136,940792988095139841,2017-12-13,1841,5969,NewShepard had a successful first flight of Crew Capsule 2.0 today. Complete with windows and our instrumented test dummy. He had a great ride.  ,0.6083333333333333,0.47500000000000003,Positive
135,941465587049406464,2017-12-15,717,2380,"Full video of Mannequin Skywalker‚Äôs ride to space. Unlike him, you‚Äôll be able to get out of your seat during the zero gee part of the flight. And ignore the pinging sound ‚Äì it‚Äôs just from one of the experiments on this flight. NewShepard   ",0.525,0.4166666666666667,Positive
134,941467037905272833,2017-12-15,624,2866,First use of our landing pad bot Blue2D2.  ,0.3333333333333333,0.25,Positive
133,946109222135128064,2017-12-27,738,3642,Turns out our Amazon fulfillment center associates in Madrid can dance‚Ä¶ And one got a big surprise at the end! Love it! ,0.26666666666666666,0.17500000000000002,Positive
132,950156231414394881,2018-01-08,298,2803,"Wishing best of luck tonight to THE MARVELOUS MRS MAISEL, Rachel Brosnahan, Kevin Bacon, and to the whole cast and crew of THE POST too! GoldenGlobes ",0.5666666666666668,0.75,Positive
131,959796196247142400,2018-02-03,2927,14660,The stunning Perito Moreno Glacier in Patagonia. We‚Äôve sent robotic probes to every planet in this solar system. Earth is BY FAR the best one. We go to space to save the Earth.  NoPlanB GradatimFerociter ,0.625,0.375,Positive
130,960521086298238976,2018-02-05,2499,24369,"Best of luck  with the Falcon Heavy launch tomorrow ‚Äì hoping for a beautiful, nominal flight!  GradatimFerociter",0.6,0.6,Positive
129,961033484536971264,2018-02-07,401,4483,   Woohoo! üöÄüöÄüöÄ,0.0,0.0,Neutral
128,965957024109379602,2018-02-20,3607,10607,"Installation has begun‚Äî500 ft tall, all mechanical, powered by day/night thermal cycles, synchronized at solar noon, a symbol for long-term thinking‚Äîthe 10000YearClock is coming together thx to the genius of Danny Hillis, Zander Rose &amp; the whole Clock team! Enjoy the video. ",0.6166666666666667,0.4166666666666667,Positive
127,966312919079112705,2018-02-21,1368,5129,Happy to announce that Amazon Studios is adapting Iain M. Banks‚Äô amazing Culture series ‚Äî a huge personal favorite ‚Äî as a TV series. Can‚Äôt wait!  ,0.82,0.48500000000000004,Positive
126,972561435036344320,2018-03-10,875,8703,Kirk or Picard? Picard! FinalFrontier GoBoldly ,0.0,0.0,Neutral
125,973696994332983299,2018-03-13,1030,4788,"New test video of Blue‚Äôs 550K lbf thrust, ox-rich staged combustion, LNG-fueled BE-4 engine. The test is a mixture ratio sweep at 65% power level and 114 seconds in duration. Methane (or LNG) has proved to be an outstanding fuel choice.  GradatimFerociter ",0.47651515151515156,0.21212121212121213,Positive
124,974344409377460224,2018-03-15,161,1088,Thank you to the  for having me over to speak. You don‚Äôt want to even imagine the world without these professionals doing the job they do. ,0.0,0.0,Neutral
123,975847153468768256,2018-03-19,6834,27916,Taking my new dog for a walk at the MARS2018 conference. BostonDynamics ,0.45454545454545453,0.13636363636363635,Positive
122,981311629022314496,2018-04-03,2044,16237,Horrible and truly tragic day for YouTube and Google. We are wishing all our very best for the injured and all those affected.,0.7133333333333334,-0.25,Negative
121,985300754134007809,2018-04-14,559,5812,I made pancakes on this rainy Seattle morning for  and . These guys are as fun as they are talented. Inspiring too. And Russ and I ate our weight in pancakes! funfriends ,0.7000000000000001,0.5416666666666666,Positive
120,985664806567927808,2018-04-15,530,8234,Very comfortable on my kids‚Äô giant panda doing email and putting final touches on this year‚Äôs annual shareholder letter. About to take the kids to see Rampage... ,1.0,0.17333333333333334,Positive
119,985682558405885952,2018-04-16,388,4474,I love Dwayne Johnson . Still working on my smolder  ,0.6,0.5,Positive
118,986016459351515136,2018-04-16,3717,15715,"Great reporting requires patience, grit and a willingness to follow a story wherever it leads, whether Alabama or Moscow. Proud of  Pulitzer winners! And big congrats to the , as well! DemocracyDiesInDarkness ",0.6166666666666667,0.6,Positive
117,986547483743436801,2018-04-18,900,4680,"At  catching up with CEO Hubert Joly and announcing our collaboration on the next generation of smart TVs. Couldn‚Äôt ask for a better partner, and the product is killer. Full Alexa integration: ‚ÄúAlexa, watch ABC‚Äù or ‚ÄúAlexa, watch Westworld.‚Äù FireTVEdition ",0.5185714285714285,0.33285714285714285,Positive
116,987494749559926784,2018-04-21,289,2472,Honored to speak at  Forum on Leadership tonight with Ken Hersh. The spirit of former First Lady Barbara Bush was very much felt at the event. ,0.19777777777777775,0.17,Positive
115,988154007813173248,2018-04-22,1226,8490,"Dog sledding above the Arctic Circle in Norway. Jim Lovell says it‚Äôs not that you go to heaven when you die, but ‚Äúyou go to heaven when you‚Äôre born.‚Äù Earth is the best planet in our solar system. We go to space to save the Earth.  NoPlanB GradatimFerociter EarthDay ",0.2,0.5,Positive
114,989851170545029120,2018-04-27,1136,5519,"Launch preparations are underway for New Shepard‚Äôs 8th test flight, as we continue our progress toward human spaceflight. Currently targeting Sunday 4/29 with launch window opening up at 830am CDT. Livestream info to come.  GradatimFerociter ",0.3181818181818182,0.04545454545454545,Positive
113,990663519900184577,2018-04-29,416,3140,"Apogee of 351,000 feet (66 miles, 107 kilometers), and that‚Äôs the altitude we‚Äôve been targeting for operations. One step closer. GradatimFerociter ",0.0,0.0,Neutral
112,990692677963284480,2018-04-29,448,3780,The lucky boots worked again. Huge kudos and thanks to the entire  team. GradatimFerociter ,0.6395833333333334,0.23333333333333334,Positive
111,990755397542723584,2018-04-30,1895,7225,Highlights from today‚Äôs mission. Don‚Äôt miss the Nerf ball doing a few backflips in zero gravity. GradatimFerociter  ,0.1,-0.2,Negative
110,991799694664679425,2018-05-02,1151,7113,üòÄ   ,0.0,0.0,Neutral
109,992765968182001665,2018-05-05,13675,40738,"Love this quote. It‚Äôs been on my fridge for years, and I see it every time I open the door. Emerson ",0.55,0.25,Positive
108,995680729106341888,2018-05-13,521,8055,"You shaped us, you protected us, you let us fall, you picked us up, and you LOVED us, always and unconditionally. Thank you for everything. I love you, Mom. ",0.7,0.6,Positive
107,996609529323245568,2018-05-16,348,2888,Tom Wolfe was an amazing journalist and author. Thank you for showing us all what it took to have ‚ÄúThe Right Stuff‚Äù. ,0.7178571428571429,0.4428571428571429,Positive
106,1001187602622439427,2018-05-28,573,5422,I‚Äôm enjoying this day with my kids but also remembering. Remembering the many sons and daughters who have given up their lives for us and for our sons and daughters. MemorialDay HireVets HireMilitarySpouses ,0.55,0.5,Positive
105,1007077455146860544,2018-06-14,1322,10899,,0.0,0.0,Neutral
104,1008348645605797890,2018-06-17,2829,25471,"My dad came here from Cuba all by himself without speaking English when he was 16 years old, and has been kicking ass ever since. Thank you for all the love and heart, Dad! ",0.26666666666666666,0.24166666666666667,Positive
103,1013467826999267328,2018-07-01,356,3634,Wishing  tennis competitor (and Amazonian!) Leonard Flowers luck in the  this week! Great event and we‚Äôre proud to be a presenting sponsor. ChooseToInclude ,0.875,0.8,Positive
102,1019641106533937152,2018-07-18,523,4037,Crew Capsule looks great even after it was pushed hard by the escape test. Astronauts would have had an exhilarating ride and safe landing. Great engineering and the lucky boots worked again  GradatimFerociter ,0.7124999999999999,0.47361111111111115,Positive
100,1019742477018730496,2018-07-19,385,2655,Super proud of the entire Blue Team who came together and made it happen nevergetsold gradatimferociter ,0.5979166666666667,0.2833333333333333,Positive
101,1019737114093629441,2018-07-19,232,2084,"Appreciate the support, Mr. Vice President. I‚Äôm thrilled to report from West Texas that the team nailed it today launchlandrepeat ",0.7,0.6,Positive
99,1040253796293795842,2018-09-13,6286,24870,,0.0,0.0,Neutral
98,1042108453295013888,2018-09-18,234,2347,"Incredible work from the whole  team for 8 Emmys wins, including Outstanding Comedy Series. Woohoo! ",0.59375,0.5062500000000001,Positive
97,1045423889856192512,2018-09-27,472,2801,Big win for  today! And a big thank you to  for choosing our BE-4 engine. Excited to be a part of Vulcan‚Äôs mission to space. 21stCenturyEngine AllAmericanEngine GradatimFerociter ,0.3375,0.34375,Positive
96,1047152109508997121,2018-10-02,3419,19370,"Thank you . We‚Äôre excited about this, and also hope others will join in. ",0.75,0.375,Positive
95,1050136574090825728,2018-10-10,693,4445,"Thank you to the  for your confidence in the  team and our NewGlenn rocket. We are proud to serve the national security space community and are committed to providing safe, reliable access to space for the nation. GradatimFerociter ",0.75,0.65,Positive
94,1051983010722013184,2018-10-15,1546,10847,Very sad to hear of Paul Allen‚Äôs passing. His passion for invention and pushing forward inspired so many. He was relentless to the end. My heart goes out to Paul‚Äôs family and friends.,0.75,-0.07500000000000001,Negative
93,1054739581533188096,2018-10-23,422,2845,Amazon just won The American Foundation for the Blind‚Äôs Helen Keller award! Huge kudos to the whole team on working so hard to make our products accessible to the vision impaired!  ,0.48055555555555557,0.025347222222222233,Positive
92,1058012110947373057,2018-11-01,2187,12008,"Yep, that‚Äôs me. I was lucky to be exposed to tech and coding at a young age. Inspired a lifelong love of invention. I hope the new Amazon Future Engineer program does the same for some kids today.  ",0.4482683982683983,0.13852813852813853,Positive
91,1062120332251684864,2018-11-12,1201,9102,"Had the privilege today of unveiling our newest Amazon Air 767 - ""Valor"" - named in honor of the thousands of Amazonian veterans and military spouses delivering for our customers every day. VeteransDay AmazonWarriors ",0.1,-0.1,Negative
90,1064882081249951744,2018-11-20,1075,7594,Excited to announce the first annual grants from the Bezos Day 1 Families Fund. $97.5 million to 24 organizations doing needle-moving work on family homelessness. Congrats to the recipients ‚Äì we know you‚Äôll spend the money wisely and with heart.  ,0.6611111111111111,0.44166666666666665,Positive
89,1080261240423964672,2019-01-02,677,6751,"I have outstanding news to ring in 2019. Former Alexa VP &amp; long-time Amazonian Mike George has agreed to lead the Day 1 Academies Fund. Mike is a true builder who knows how to start from scratch, and he‚Äôll bring tremendous energy, grit, and passion to the job. Thank you, Mike! ",0.63125,0.31666666666666665,Positive
88,1083004911380393985,2019-01-09,6046,32720,,0.0,0.0,Neutral
87,1092255287472320512,2019-02-04,6210,28784,"Grateful for the journalists at the  and around the world who do the work, no matter the risk or dangers they face.
democracydiesindarkness SuperBowlAd  ",0.0,0.0,Neutral
86,1093643321732464646,2019-02-07,24232,86985,"I‚Äôve written a post about developments with the National Enquirer and its parent company, AMI. You can find it here: ",0.0,0.0,Neutral
85,1107991131147534336,2019-03-19,1097,7458,"Thank you , but bigger please‚Ä¶. I want to get on! ThinkBig MARS2019 ",0.5,0.0,Neutral
83,1113851402965487616,2019-04-04,1296,11234,,0.0,0.0,Neutral
84,1113851382698635264,2019-04-04,4431,0,: ,0.0,0.0,Neutral
82,1116317620670582789,2019-04-11,215,3690,"Been an honor &amp; pleasure having Tom Alberg on Amazon‚Äôs Board. Tom joined in 1996 and has been with us ever since - over 22 years. I‚Äôll miss his sound judgment, deep well of business &amp; life experience, and his quick wit. He's a smart business person and even better human. Thx Tom!",0.42380952380952386,0.2412698412698413,Positive
81,1124115283554078720,2019-05-03,398,3592,Congrats to the whole  team! ,0.4,0.25,Positive
80,1126620848931131394,2019-05-09,1667,0,": Today, our founder shared our vision to go to space to benefit Earth. We must return to the Moon‚Äîthis time to stay. We‚Äôre r‚Ä¶",0.0,0.0,Neutral
79,1126634588560748545,2019-05-09,798,4921,"Blue Origin is building the infrastructure needed to unleash the next generation of dreamers. I met these young people today, and the future is in great hands. BlueMoon  ",0.275,0.18,Positive
78,1127573586716385280,2019-05-12,630,11470,"I‚Äôm lucky enough to call her my mom. She‚Äôs kind, patient, supportive, and has always encouraged me to stay curious. Happy Mother‚Äôs Day, Mom! ",0.8722222222222222,0.38888888888888884,Positive
77,1128409227481964544,2019-05-14,1922,12007,"We‚Äôre investing $1.5 billion in our new air hub to get you your packages faster. Three million square feet, and it‚Äôs going to create 2,000 jobs. And if you‚Äôre guessing that driving a front loader was fun, you‚Äôre right! amazon prime ",0.3967532467532468,0.2645021645021645,Positive
76,1128828279329181696,2019-05-16,2201,16150,"At the Statue of Liberty, where my dad‚Äôs being honored with a Liberty Star as part of the new museum‚Äôs opening. When he came here from Cuba at 16, not only was he all alone, but he only spoke Spanish. His grit, determination, and optimism are inspiring. StatueofLibertyMuseum ",0.6909090909090909,0.12727272727272726,Positive
75,1129010348286046208,2019-05-16,2022,8406,My dad‚Äôs journey to the U.S. shows how people come together to help each other. We got a chance to celebrate him last night for the opening of the Statue of Liberty‚Äôs new museum. This is his story.  ,0.29873737373737375,0.0037878787878787845,Positive
74,1131446048386240513,2019-05-23,254,2213,Great annual shareholder meeting today. Amazon ,0.75,0.8,Positive
73,1133007488721117184,2019-05-27,321,3692,Grateful on this MemorialDay to the fallen servicemen and women ‚Äî and their families ‚Äî for the ultimate sacrifice they made in defending and supporting our nation. The flag in the picture is on display on the factory wall at  to remind us every day. ,0.625,0.125,Positive
72,1133366998874804224,2019-05-28,970,8500,"MacKenzie is going to be amazing and thoughtful and effective at philanthropy, and I‚Äôm proud of her. Her letter is so beautiful. Go get ‚Äòem MacKenzie. ",0.8400000000000001,0.6500000000000001,Positive
71,1136474105220407298,2019-06-06,456,3450,". is all about bringing the best and brightest together, so it‚Äôs fitting that I got to meet Leo ‚Äî one of the first 100 recipients of the AmazonFutureEngineer scholarship. I have no doubt Leo is going to be an inventor of tomorrow. ",0.37777777777777777,0.5833333333333334,Positive
70,1136489170841546752,2019-06-06,540,3860,Leo‚Äôs story is amazing and so is his mom. AmazonFutureEngineer ,0.9,0.6000000000000001,Positive
69,1136707086933299200,2019-06-06,1251,7730,Got a chance to scout some of the cool tech at the first reMARS event.     ,0.4916666666666667,0.3,Positive
68,1138206602043936769,2019-06-10,528,5580,My mom‚Äôs incredible story. Wow. So grateful. So proud. Grit ,0.9666666666666667,0.6,Positive
67,1140285639071416320,2019-06-16,930,19719,"Happy Father‚Äôs Day. You‚Äôre there for me always, and I feel it. I love you, Dad. ",0.8,0.65,Positive
66,1141520394022576128,2019-06-20,811,6242,First hotfire of our BE7 lunar landing engine just yesterday at Marshall Space Flight Center. Data looks great and hardware is in perfect condition. Test went full planned duration ‚Äì 35 seconds. Kudos to the whole  team and grateful to _Marshall for all the help! ,0.5222222222222223,0.42500000000000004,Positive
65,1141770282773831681,2019-06-20,423,4954,"So much fun with Caroline Kennedy yesterday at the JFKSpaceSummit. Her father‚Äôs Rice speech still inspires. We choose to do these things ‚Äúnot because they are easy, but because they are hard.‚Äù Apollo50 ",0.525,0.14722222222222223,Positive
64,1145345436846157824,2019-06-30,400,5006,Pride ,0.0,0.0,Neutral
63,1157489682118086656,2019-08-03,451,0,: BE-4 continues to rack up time on the test stand. Here‚Äôs a great shot of our full power engine test today GradatimFerocite‚Ä¶,0.65,0.575,Positive
62,1166798278375030784,2019-08-28,256,3606,"Had a great meeting with Mike George. We‚Äôre hard at work building Day 1 Academies, and Mike has been busy learning from the best in the field. Here are a few pictures from his listening tour ‚Äì visiting the smart and kind early educators from schools across the country. ",0.47931547619047615,0.290327380952381,Positive
61,1167125742401941504,2019-08-29,306,2476,. founded nonprofit  to inspire youth to pursue careers in STEM + visualize life in space. We asked students to send postcards w/their dreams and we‚Äôd send the cards above the K√°rm√°n line to space and back. We‚Äôve received thousands - they‚Äôre so inspiring ,0.3666666666666667,0.16666666666666666,Positive
60,1170036283315388416,2019-09-06,7588,44106,"Rooting for team India. Good luck, India! Chandrayaan2 ",0.6000000000000001,0.875,Positive
59,1170697204845039616,2019-09-08,636,8024,Season 2 streams November 1. Can‚Äôt wait. JackRyan ,0.0,0.0,Neutral
58,1171060934753734656,2019-09-09,746,5989,We're sending two Amazon Air planes packed with tens of thousands of Amazon-donated and customer-donated relief items to support those impacted by HurricaneDorian in the Bahamas. Thanks to all the teams who are making this possible.  ,0.6,0.1,Positive
57,1171872387492528128,2019-09-11,633,5589,"Today, we announced that we added 24 schools in Nashville to our AmazonFutureEngineer program. Loved celebrating the great news by building robots with students from Madison Middle School. ",0.5166666666666667,0.5,Positive
56,1172517558336905218,2019-09-13,260,2789,"Visited the amazing _House Montessori in Nashville with _m_george. Learned a lot that‚Äôs going to help Day 1 Academies. By the way, ‚ÄúNia‚Äù means ‚Äúpurpose‚Äù in Swahili. Very cool. ",0.8725,0.5275000000000001,Positive
55,1173728216550260736,2019-09-16,310,4177,Shout out to the new Amazonians who let me drop by their New Hire Orientation today. Incredible to welcome so many smart and passionate people from all over the world. I‚Äôm looking forward to our AmazonCareerDay events tomorrow! ,0.6717068645640074,0.374930426716141,Positive
54,1173973723189108736,2019-09-17,557,4688,"Yesterday the first Amazon Air plane loaded with relief items arrived in Nassau, Bahamas to help victims of HurricaneDorian. The cargo weight was 72,728 lbs, with approx. 19,300 items on board. Huge thanks to the teams across Amazon who made this happen.  ",0.4777777777777778,0.2833333333333334,Positive
53,1174704799645720586,2019-09-19,413,3119,"Super excited about The Climate Pledge. Impossible to do this without . So grateful to you, Christiana. ClimatePledge Paris10YearsEarly ",0.8055555555555555,0.013888888888888876,Positive
52,1175208903321124864,2019-09-21,228,0,": If you can‚Äôt compete with lower prices and better services, then secretly fund phony ‚Äúgrassroots‚Äù attack campaigns. Ugly. h‚Ä¶",0.7333333333333334,-0.19999999999999998,Negative
51,1175854166066913280,2019-09-22,209,2920,"Good luck to , Phoebe Waller-Bridge, the  and  teams, and all  shows up for Emmys tonight! ",0.6000000000000001,0.875,Positive
50,1176310291300093952,2019-09-24,245,3708,"A record year of Emmy wins for  - fantastic work. Huge congrats to the winners and teams behind , , and A Very English Scandal! ",0.54,0.14,Positive
49,1176489837517344769,2019-09-24,403,4447,"Thank you to our customers who donated relief items for a second Amazon Air plane of humanitarian aid. Together, more than 400,000 Amazon-donated &amp; customer-donated items have been provided to those affected by HurricaneDorian in the Bahamas &amp; the US.  ",0.25,0.25,Positive
48,1186367004371906560,2019-10-21,1330,11384,"Dropped in on an AmazonFutureEngineer class at Dunbar H.S. in D.C. today. We‚Äôre committed to bringing more resources to kids from underserved communities, and I‚Äôm proud to say we‚Äôre now funding computer science in more than 2,000 high schools across the U.S. NextGeneration ",0.635,0.49,Positive
47,1186752897083760641,2019-10-22,1446,8977,"It‚Äôs time to go back to the Moon, this time to stay.     gradatimferociter ",0.0,0.0,Neutral
46,1193891803721687040,2019-11-11,515,6716,"Congrats to David &amp; all the veterans graduating from the Amazon Apprenticeship program who are now in technical careers! They join the more than 21,000 veterans and military spouses working at Amazon. Huge thank you to them and all who‚Äôve served. VeteransDay AmazonWarriors ",0.4,0.2,Positive
45,1197519998161281024,2019-11-21,449,3527,"Excited to announce this year's Bezos Day One grants. Thank you to these 32 organizations in 23 states working to end homelessness. I recently spent time with the amazing team at Community of Hope in Washington, D.C. ‚Äì one of last year‚Äôs grantees.  ",0.45416666666666666,0.21875000000000003,Positive
44,1197997251139784704,2019-11-22,1124,9509,"Nice! Amazon ranked 1 best managed company. Definitely the result of strong teamwork from people who care deeply and passionately about customers, their fellow employees, and the environment. Huge thank you and kudos to all Amazonians. ",0.6690476190476191,0.3619047619047619,Positive
43,1204964350936731649,2019-12-12,1432,11688,Picture perfect flight . And this vehicle has now flown to space &amp; back six times making this a new milestone. We carried 23 payloads today including thousands of postcards from kids all over the world for . Keep them coming kids &amp; we‚Äôll keep flying them! ,0.48484848484848486,0.39015151515151514,Positive
42,1207074776289697794,2019-12-17,519,5878,Toured  in Washington D.C. with a team from Day 1 Academies. It was great to meet these kids ‚Äî they‚Äôre energetic and energizing. Lee is doing an amazing job unleashing their love of learning. ,0.6875,0.6000000000000001,Positive
41,1217100229993881600,2020-01-14,8514,60449,"Just landed in India and spent a beautiful afternoon paying my respects to someone who truly changed the world. ‚ÄúLive as if you were to die tomorrow. Learn as if you were to live forever."" - Mahatma Gandhi. ",0.525,0.2556818181818182,Positive
40,1217449121981718531,2020-01-15,3609,20225,Dynamism. Energy. Democracy. IndianCentury ,0.0,0.0,Neutral
39,1217751342162173952,2020-01-16,775,13584,Grabbing a quick selfie with  at India‚Äôs small business summit. Everyone squeeze in a little tighter! amazonsmbhav ,0.4666666666666666,-0.05034722222222223,Negative
38,1218137485672251394,2020-01-17,5177,33529,Lots of fun on stage with  and Zoya Akhtar. ,0.2,0.3,Positive
37,1218440995731316736,2020-01-18,2562,27904,"Amazon partners with thousands of kirana stores all over India as delivery points. It‚Äôs good for customers, and it helps the shop owners earn additional income. Got to visit one in Mumbai. Thank you, Amol, for letting me deliver a package. MSME ",0.6000000000000001,0.7,Positive
36,1218864092825432064,2020-01-19,2606,28797,Proud of the program we have in India to hire and train deaf associates at our delivery stations. Managers learn basic sign language to be able to communicate. Meeting this group was a moving experience for me. ,0.5833333333333334,0.43333333333333335,Positive
35,1219093283265138688,2020-01-20,10045,76233,"Hey, India. We‚Äôre rolling out our new fleet of electric delivery rickshaws. Fully electric. Zero carbon. ClimatePledge ",0.45454545454545453,0.13636363636363635,Positive
34,1220059386694922240,2020-01-22,5405,36797,Jamal ,0.0,0.0,Neutral
33,1222572705066536961,2020-01-29,2874,22322,"Hey, Alexa ‚Äî show everyone our upcoming Super Bowl ad. Thanks  and ! ",0.43333333333333335,0.29166666666666663,Positive
32,1224154674804084736,2020-02-03,14366,123331,"I just took a DNA test, turns out I‚Äôm 100% ‚Äôs biggest fan. SBLIV ",0.0,0.0,Neutral
31,1233441223232245760,2020-02-28,2691,33333,"Discussing climate, sustainability, and preserving the natural world with President  today in Paris. BezosEarthFund ClimatePledge ",0.4,0.1,Positive
30,1438535180407377923,2021-09-16,7838,133757,Congratulations to  and the  team on their successful Inspiration4 launch last night. Another step towards a future where space is accessible to all of us.,0.37916666666666665,0.28125,Positive
29,1440085114835202056,2021-09-20,438,7350,"Good exchange of ideas on climate change with a lot of passion around preserving and restoring the natural world. There might also have been a side conversation about who‚Äôs better ‚Äî Asimov or Clarke. The meeting was useful and enjoyable. Thank you, . ",0.42000000000000004,0.41999999999999993,Positive
28,1440731418984738817,2021-09-22,149,0,": Amazon has rewarded eight workers who got vaccinated with free cars or $100,000 payouts ",0.8,0.4,Positive
27,1443924211282571264,2021-10-01,578,5766,"After many failures and setbacks in gaming we have a success. So proud of the team for the persistence. View setbacks as helpful obstacles that drive learning. Whatever your goals are, don‚Äôt give up no matter how hard it gets.  (1/2) ",0.4083333333333333,0.25166666666666665,Positive
26,1443924212792455174,2021-10-01,101,1617,(2/2) The two articles are only 8 months apart. ,1.0,0.0,Neutral
25,1444431829214248960,2021-10-02,752,7306,". and Ted Sarandos and the team at  get it right so often. Their internationalization strategy isn‚Äôt easy, and they‚Äôre making it work. Impressive and inspiring. (And I can‚Äôt wait to watch the show.) ",0.8422619047619048,0.5547619047619048,Positive
24,1444716860621000706,2021-10-03,217,4388,"No, just simple admiration. ",0.35714285714285715,0.0,Neutral
23,1445765771611627529,2021-10-06,291,4468,"New  film is amazing and fun. Loved it, and I miss Daniel Craig already. Can‚Äôt wait to see who Barbara Broccoli and Michael Wilson pick next. ",0.4709090909090909,0.3472727272727273,Positive
22,1445926804758269959,2021-10-07,263,3054,"A lot to still prove out here for sure, but the Rivian team is world class, and  is one of the greatest entrepreneurs I‚Äôve ever met. 

Now, RJ, where are our vans?!

",0.9444444444444444,0.75,Positive
21,1446142301483401218,2021-10-07,262,2935,"Anderson laughs through the whole interview. 

Bill Shatner = Legend ",0.4,0.2,Positive
20,1447403828505088011,2021-10-11,11682,77248,"Listen and be open, but don‚Äôt let anybody tell you who you are. This was just one of the many stories telling us all the ways we were going to fail. Today, Amazon is one of the world‚Äôs most successful companies and has revolutionized two entirely different industries. ",0.5583333333333333,0.20833333333333334,Positive
19,1447563576986804229,2021-10-11,969,14498,I‚Äôm game. ,0.4,-0.4,Negative
18,1447936262019723266,2021-10-12,1093,0,": ‚ÄúWe are just at the beginning, but how miraculous the beginning is.‚Äù  is ready to go to space. NS18 https:/‚Ä¶",0.5,0.2,Positive
17,1448270647788986370,2021-10-13,1011,13454,"Bill, Audrey, Chris, Glen ‚Äî you‚Äôre about to share an experience that will forever change how you view the world. Godspeed. This is how it starts. üöÄ ",0.0,0.0,Neutral
16,1451571655411523598,2021-10-22,280,3005,"‚ÄúClosing my eyes now, I still feel that irresistible tug ‚Ä¶ pulling my heart from my chest and out over the edge of the world.‚Äù - 
",0.0,0.0,Neutral
15,1454925498757357571,2021-10-31,475,4909,"The Prince of Wales has been involved in fighting climate change and protecting our beautiful world far longer than most. We had a chance to discuss these important issues on the eve of COP26 ‚Äî looking for solutions to heal our world, and how the  can help. ",0.875,0.4625,Positive
14,1455195971370029056,2021-11-01,944,6162,"Wonderful meeting with Tuntiak Katan from the Shuar tribe in Ecuador and Solange Bandiaky-Badji, from the Rights and Resources Institute. Indigenous peoples are custodians of over a third of the world‚Äôs tropical forests. We must champion their efforts to protect our planet. ",0.5,0.5,Positive
13,1455493781222932480,2021-11-02,997,4920,"At COP26, Lauren and I discussed conservation of land and sea with leaders from Colombia, Ecuador, Panama, Costa Rica, and Bolivia. Together, they oversee one of the most diverse regions on earth. The  is working with them to help create the largest (1/2) ",0.5,0.5,Positive
12,1455493786214092802,2021-11-02,167,1490,"(2/2) transnational marine protected area on the planet, covering an area larger than California. Thank you to this group for their boldness on this important work.",0.75,0.2,Positive
11,1455515161196904448,2021-11-02,158,0,": Listening, learning, and collaborating on bold ideas with leaders from around the world on Day One of COP26. We‚Äôre bac‚Ä¶",0.6666666666666666,0.3333333333333333,Positive
10,1455606875643330565,2021-11-02,505,5397,Very proud to be one of the founding funders of Prince William‚Äôs Earthshot Prize. It‚Äôs easy to see how passionate and thoughtful he is about this important work. ,0.8366666666666667,0.43666666666666665,Positive
9,1456244759048036365,2021-11-04,445,0,: . announces $3B for nature at the COP26 Leader‚Äôs Summit in Glasgow. These funds will be targeted at a t‚Ä¶,0.0,0.0,Neutral
8,1456311095761637384,2021-11-04,2320,28437,"Not the decision we wanted, but we respect the court‚Äôs judgment, and wish full success for NASA and SpaceX on the contract. ",0.275,0.32499999999999996,Positive
7,1456648447486873600,2021-11-05,295,2866,"Congrats on this important work, . As you say: build longer tables, not higher walls.  ",0.75,0.1375,Positive
6,1457047939835052033,2021-11-06,146,0,: CEO &amp; President  speaking last night on the importance of this week‚Äôs $3B commitment to nature. ,0.06666666666666667,0.0,Neutral
5,1457720343297019909,2021-11-08,44921,274899,"Leo, come over here, I want to show you something‚Ä¶   ",0.0,0.0,Neutral
4,1459298553860296709,2021-11-12,436,7031,"Such a tragic loss. Warm and full of life, Glen made us laugh and lit up the room. He was a visionary, and an innovator ‚Äì a true leader. Lauren and I are heartbroken and will remember the precious time we got to spend together. (1/2) ",0.5928571428571429,0.19285714285714284,Positive
3,1459298556515270657,2021-11-12,94,2063,"(2/2) Our deepest sympathies are with his partner, Leah, and all his loved ones. The world lost you too soon, Glen.",0.8,0.7,Positive
2,1460968707971112963,2021-11-17,356,8079,"For the fourth year in a row, the Bezos Day 1 Families Fund is making donations to organizations helping families in need across the U.S. These grants will provide support including housing, food, clothing, and other resources to help families get back on their feet. (1/2) ",0.125,-0.041666666666666664,Negative
1,1460968710965841921,2021-11-17,122,1197,"(2/2) This year‚Äôs grants go to 32 groups led by experts who are making a difference in their communities, and the funds will help them further expand their important work. ",0.75,0.2,Positive
0,1463575768697491458,2021-11-24,303,3373,"Welcome aboard, Michael! ",0.9,1.0,Positive
